{
    "type": "minecraft:entity",
    "pools": [
      {
        "rolls": 1.0,
        "bonus_rolls": 0.0,
        "entries": [
          {
            "type": "minecraft:item",
            "functions": [
              {
                "function": "minecraft:set_count",
                "count": {
                  "type": "minecraft:uniform",
                  "min": 0.0,
                  "max": 2.0
                },
                "add": false
              },
              {
                "function": "minecraft:looting_enchant",
                "count": {
                  "type": "minecraft:uniform",
                  "min": 0.0,
                  "max": 1.0
                }
              }
            ],
            "name": "minecraft:feather"
          }
        ]
      },
      {
        "rolls": 1.0,
        "bonus_rolls": 0.0,
        "entries": [
          {
            "type": "minecraft:item",
            "functions": [
              {
                "function": "minecraft:furnace_smelt",
                "conditions": [
                  {
                    "condition": "minecraft:entity_properties",
                    "predicate": {
                      "flags": {
                        "is_on_fire": true
                      }
                    },
                    "entity": "this"
                  }
                ]
              },
              {
                "function": "minecraft:looting_enchant",
                "count": {
                  "type": "minecraft:uniform",
                  "min": 0.0,
                  "max": 1.0
                }
              }
            ],
            "name": "minecraft:chicken"
          }
        ]
      },
      {
          "rolls": 1,
          "entries": [
              {
                  "type": "item",
                  "weight": 1,
                  "name": "minecraft:light_blue_dye",
                  "conditions": [
                      {
                          "condition": "random_chance_with_looting",
                          "chance": 0.02,
                          "looting_multiplier": 0.001
                      }
                  ],
                  "functions": [
                      {
                          "function": "set_nbt",
                          "tag": "{display:{Name:'[{\"text\":\"Mercury Stone\",\"italic\":false,\"color\":\"#99ccff\"}]',Lore:['[{\"text\":\"\",\"italic\":false}]','[{\"text\":\"Once belonged to an old speedy god.\",\"italic\":false,\"color\":\"#cc66ff\"}]']},mercuryStone:1b}"
                      }
                  ]
              }
          ]
      }
    ]
  }