{
    "pools": [
        {
            "rolls": 1,
            "entries": [
                {
                    "type": "item",
                    "weight": 9,
                    "name": "minecraft:dirt",
                    "functions": [
                        {
                            "function": "set_nbt",
                            "tag": "{display:{Name:'[{\"text\":\"Dert\",\"italic\":false,\"color\":\"#663300\"}]'}}"
                        }
                    ]
                },
                {
                    "type": "item",
                    "weight": 1,
                    "name": "minecraft:diamond"
                },
                {
                    "type": "empty",
                    "weight": 30
                }
            ]
        }
    ]
}