{
    "pools": [
        {
            "rolls": 1,
            "entries": [
                {
                    "type": "item",
                    "weight": 1,
                    "name": "minecraft:coal",
                    "functions": [
                        {
                            "function": "set_count",
                            "count": {
                                "min": -1,
                                "max": 1
                            }
                        },
                        {
                            "function": "looting_enchant",
                            "count": {
                                "min": 0,
                                "max": 1
                            }
                        }
                    ]
                }
            ]
        },
        {
            "rolls": 1,
            "entries": [
                {
                    "type": "item",
                    "weight": 1,
                    "name": "minecraft:bone",
                    "functions": [
                        {
                            "function": "set_count",
                            "count": {
                                "min": 0,
                                "max": 2
                            }
                        },
                        {
                            "function": "looting_enchant",
                            "count": {
                                "min": 0,
                                "max": 1
                            }
                        }
                    ]
                }
            ]
        },
        {
            "rolls": 1,
            "conditions": [
                {
                    "condition": "killed_by_player"
                },
                {
                    "condition": "random_chance_with_looting",
                    "chance": 0.025,
                    "looting_multiplier": 0.01
                }
            ],
            "entries": [
                {
                    "type": "item",
                    "weight": 1,
                    "name": "minecraft:wither_skeleton_skull"
                }
            ]
        },
        {
            "rolls": 1,
            "conditions": [
                {
                    "condition": "killed_by_player"
                },
                {
                    "condition": "random_chance_with_looting",
                    "chance": 0.01,
                    "looting_multiplier": 0.005
                }
            ],
            "entries": [
                {
                    "type": "item",
                    "weight": 1,
                    "name": "minecraft:black_dye",
                    "functions": [
                        {
                            "function": "set_nbt",
                            "tag": "{witherPaste:1b,display:{Name:'[{\"text\":\"Wither Paste\",\"italic\":false,\"color\":\"dark_gray\"}]',Lore:['[{\"text\":\"\",\"italic\":false}]','[{\"text\":\"Use this to make\",\"italic\":false,\"color\":\"gray\"}]','[{\"text\":\"the wither set.\",\"italic\":false,\"color\":\"gray\"}]']}}"
                        }
                    ]
                }
            ]
        }
    ]
}