{
    "pools": [
        {
            "rolls": 1,
            "entries": [
                {
                    "type": "item",
                    "weight": 1,
                    "name": "minecraft:chorus_fruit",
                    "functions": [
                        {
                            "function": "set_count",
                            "count": {
                                "min": 0,
                                "max": 1
                            }
                        }
                    ]
                }
            ]
        },
        {
            "rolls": 1,
            "entries": [
                {
                    "type": "item",
                    "weight": 1,
                    "name": "minecraft:medium_amethyst_bud",
                    "functions": [
                        {
                            "function": "set_nbt",
                            "tag": "{display:{Name:'[{\"text\":\"Displacement Bud\",\"italic\":false,\"color\":\"light_purple\"}]',Lore:['[{\"text\":\"\",\"italic\":false}]','[{\"text\":\"Keeps anything and everything\",\"italic\":false,\"color\":\"dark_aqua\"}]','[{\"text\":\"from being in the right place\",\"italic\":false,\"color\":\"dark_aqua\"}]','[{\"text\":\"at the right time.\",\"italic\":false,\"color\":\"dark_aqua\"}]']},Enchantments:[{}],displacementBud:1b}"
                        }
                    ]
                },
                {
                    "type": "empty",
                    "weight": 199
                }
            ]
        }
    ]
}