{
    "pools": [
        {
            "rolls": 1,
            "entries": [
                {
                    "type": "empty",
                    "weight": 150
                },
                {
                    "type": "item",
                    "weight": 1,
                    "name": "minecraft:diamond"
                },
                {
                    "type": "item",
                    "weight": 2,
                    "name": "minecraft:redstone"
                },
                {
                    "type": "item",
                    "weight": 4,
                    "name": "minecraft:feather"
                },
                {
                    "type": "item",
                    "weight": 3,
                    "name": "minecraft:gunpowder"
                },
                {
                    "type": "item",
                    "weight": 4,
                    "name": "minecraft:paper"
                }
            ]
        }
    ]
}