{
    "pools": [
        {
            "rolls": 1,
            "entries": [
                {
                    "type": "item",
                    "weight": 1,
                    "name": "minecraft:ghast_tear",
                    "functions": [
                        {
                            "function": "set_nbt",
                            "tag": "{dragonTooth:1b,display:{Name:'[{\"text\":\"Dragon Tooth\",\"italic\":false,\"color\":\"light_purple\"}]',Lore:['[{\"text\":\"\",\"italic\":false}]','[{\"text\":\"What did you do to get this?\",\"italic\":false,\"color\":\"aqua\",\"bold\":true}]']},Enchantments:[{}]}"
                        }
                    ]
                },
                {
                    "type": "empty",
                    "weight": 4
                }
            ]
        }
    ]
}
