{
    "pools": [
        {
            "rolls": 1,
            "entries": [
                {
                    "type": "item",
                    "weight": 1,
                    "name": "minecraft:string",
                    "functions": [
                        {
                            "function": "set_nbt",
                            "tag": "{screamingSoul:1b,display:{Name:'[{\"text\":\"Screaming Soul\",\"italic\":false,\"color\":\"aqua\"}]',Lore:['[{\"text\":\"\",\"italic\":false}]','[{\"text\":\"M\",\"italic\":false,\"bold\":true,\"color\":\"red\",\"obfuscated\":true},{\"text\":\"Why did you do this?\",\"obfuscated\":false},{\"text\":\"M\"},{\"text\":\"\",\"obfuscated\":false}]','[{\"text\":\"\",\"italic\":false,\"bold\":true,\"color\":\"red\"}]','[{\"text\":\"M\",\"italic\":false,\"bold\":true,\"color\":\"red\",\"obfuscated\":true},{\"text\":\"What did it cost?\",\"obfuscated\":false},{\"text\":\"M\"}]']},Enchantments:[{}]}"
                        }
                    ]
                },
                {
                    "type": "empty",
                    "weight": 20
                }
            ]
        }
    ]
}