{
    "pools": [
        {
            "rolls": 1,
            "conditions": [
                {
                    "condition": "random_chance_with_looting",
                    "chance": 0.025,
                    "looting_multiplier": 0.005
                }
            ],
            "entries": [
                {
                    "type": "item",
                    "weight": 1,
                    "name": "minecraft:black_candle",
                    "functions": [
                        {
                            "function": "set_nbt",
                            "tag": "{display:{Name:'[{\"text\":\"Withered Handle\",\"italic\":false,\"color\":\"gray\"}]',Lore:['[{\"text\":\"\",\"italic\":false}]','[{\"text\":\"Old and deformed,\",\"italic\":false,\"color\":\"dark_gray\"}]','[{\"text\":\"who knows where it\",\"italic\":false,\"color\":\"dark_gray\"}]','[{\"text\":\"first came from?\",\"italic\":false,\"color\":\"dark_gray\"},{\"text\":\"\",\"italic\":false,\"color\":\"dark_purple\"}]','[{\"text\":\"\",\"italic\":false,\"color\":\"dark_purple\"}]']},witheredHandle:1b}"
                        }
                    ]
                }
            ]
        }
    ]
}